Id,Original title,Original question,Proposed title,Proposed question,Title changed?,Question changed?,Shown under: Still building up towards retirement,Shown under: Thinking about retiring soon,Shown under: I'm already taking income,Number of answers it appears under,Notes,Reviewer comments
foundation_6,Type of pension,How can I find out what type of pension I have?,Type of pension,"I'm not sure what kind of pension I have. How can I find out, and why does it matter?",No,Yes,What I have and what I might get,What I will get and whether it is enough,,2,,
foundation_1,Target retirement income,What should I aim for as a realistic monthly retirement income?,How much income to aim for,What should I aim for as a realistic monthly retirement income?,Yes,No,How much I need and how to get there,What I will get and whether it is enough,,2,,
foundation_7,Projected retirement income,How much retirement income will I receive?,What my pensions will pay,How much income will I get from the pensions I already have?,Yes,Yes,What I have and what I might get,What I will get and whether it is enough,,2,,
foundation_2,State Pension basics,How much State Pension can I expect to receive?,The State Pension,How much State Pension can I expect to get?,Yes,Yes,What I have and what I might get,What I will get and whether it is enough,,2,,
foundation_3,Turning a pension into income,What are the different ways I can turn my pension savings into retirement income and what are the pros and cons of each?,Turning a pension into income,"What are my options for taking money from my pension, and what are the pros and cons of each?",No,Yes,,My options for taking my pension,,1,,
foundation_5,Calculate required savings,How much pension savings do I actually need to achieve my target retirement income?,How much I need to save,How big a pension pot do I need to give me the income I want?,Yes,Yes,How much I need and how to get there,What I will get and whether it is enough,,2,,
foundation_8,Factors affecting pension,What factors will affect how much pension I can get in retirement?,What affects my pension,"What decides how much pension I end up with, and which of those things can I change?",Yes,Yes,What I have and what I might get,,,1,,
foundation_9,Pension commencement,When can I start taking my pension?,When I can take my pension,How old do I need to be before I can take money from my pension?,Yes,Yes,What I have and what I might get,My options for taking my pension,,2,,
foundation_4,Working with a partner's finances,"If I have a partner, how could we join up our pensions and retirement income across both of us?",Planning with a partner,How can my partner and I work out our pensions and retirement income together?,Yes,Yes,What could change my plans,,Planning for later life and my family,2,,
awareness_1,Safe amount to withdraw each year,How much can I safely withdraw each year from my pension without running out of money?,Not running out of money,How much can I take out of my pension each year and still make it last?,Yes,Yes,,,Making my money last,1,,
awareness_2,Withdrawal timing risks,How does the stock market ups and downs affect the amount I can take out?,Stock market ups and downs,What happens to my pension income if the stock market falls?,Yes,Yes,,,Making my money last,1,,
awareness_3,Inflation impact and protection,How does inflation affect my income in retirement and what strategies protect against it?,Rising prices,"How will inflation affect my retirement income, and what can protect it?",Yes,Yes,What could change my plans,,Making my money last,2,,
awareness_4,Long-term care costs,"What are the potential costs of long-term care in later life, and how can I plan financially to cover them?",Paying for care,"What might care cost when I am older, and how can I plan for it?",Yes,Yes,,,Planning for later life and my family,1,,
awareness_5,Common retirement planning mistakes,"What are the most common mistakes people make when planning for retirement income, and how can I avoid them?",Common mistakes to avoid,Where do people most often go wrong when planning their retirement income?,Yes,Yes,How much I need and how to get there,What to sort out before I retire,,2,,
awareness_6,Contingency planning,"What should I do if circumstances change e.g. if I need to retire earlier, investments underperform, or I live much longer than expected?",If my plans change,"What can I do if I have to retire early, my investments do badly, or I live much longer than I expected?",Yes,Yes,What could change my plans,What to sort out before I retire,Planning for later life and my family,3,,
awareness_7,Ill health,What if I become too ill to work? Can I take my pension early?,Too ill to work,Can I take my pension early if my health means I have to stop working?,Yes,Yes,What could change my plans,,,1,,
optimise_7,Benefits of saving more,What are the benefits of saving more into my pension?,Saving more,"What do I gain by paying more into my pension, and what are the downsides?",Yes,Yes,How much I need and how to get there,,,1,,
optimise_8,Pension tax,How much tax will I need to pay on my pension?,Tax on my pension,How much will I lose in tax when I take money from my pension?,Yes,Yes,,My options for taking my pension,Paying less tax and making more of what I have,2,,
optimise_2,Consolidation,What factors do I need to take into account when considering whether to combine my pension pots?,Combining pension pots,I have more than one pension. What should I think about before putting them together?,Yes,Yes,How much I need and how to get there,What to sort out before I retire,,2,,
optimise_1,Tax-efficient withdrawal strategy,How can I take income from my pension and savings in a tax-efficient way?,Paying less tax on my income,How can I take money from my pension and savings without paying more tax than I need to?,Yes,Yes,,,Paying less tax and making more of what I have,1,,
optimise_4,Buying a guaranteed income,How do I know if I should use my pension for a guaranteed income?,Buying a guaranteed income,How do I decide whether to use my pension to buy an income that lasts for life?,No,Yes,,My options for taking my pension,Making my money last,2,,
optimise_5,Investment strategy for drawdown,How should I invest when I'm taking money out of my pension?,Investing while taking money out,"Once I start taking an income, how should the rest of my pension be invested?",Yes,Yes,,,Making my money last,1,,
anythingElse_4,Free guidance,Where can I get free retirement guidance?,Free help,Who can I talk to about my retirement options without paying?,Yes,Yes,Shown with every answer (Where to get help),Shown with every answer (Where to get help),Shown with every answer (Where to get help),All 9,,
anythingElse_5,Independent financial advice,Where can I find an independent financial adviser to help with my retirement planning?,Getting financial advice,"How do I find an independent adviser I can trust, and what will it cost?",Yes,Yes,Shown with every answer (Where to get help),Shown with every answer (Where to get help),Shown with every answer (Where to get help),All 9,,
anythingElse_1,Property wealth,"How can I use my property wealth (e.g., downsizing or equity release) to fund retirement?",Using the value of my home,"Could my home help pay for my retirement, for example by moving somewhere smaller or borrowing against it?",Yes,Yes,,What to sort out before I retire,Paying less tax and making more of what I have,2,,
anythingElse_2,Working in retirement,What are the rules and implications of working part-time while drawing a pension?,Working in retirement,"Can I carry on working part-time once I start taking my pension, and how would it affect my tax?",No,Yes,,What to sort out before I retire,Paying less tax and making more of what I have,2,,
anythingElse_3,Inheritance & estate,How are pensions treated for inheritance tax purposes?,Passing on my pension,"What happens to my pension when I die, and will my family pay tax on it?",Yes,Yes,,,Planning for later life and my family,1,,
(not on the site),Taking retirement savings,In what forms can I take my retirement savings?,,,,,,,,0,"Left out: asks the same thing as ""Turning a pension into income"" and would sit under the same answer. Say if it should be added back.",
(removed),Part-time work impact,What do I need to think about if I am looking to work part time in retirement?,,,,,,,,0,"Removed: not in the updated list, and covered by ""Working in retirement"".",
